{
    "clicked": {
        "hit_ratio": 0.68,
        "map": 0.8757397147591102,
        "ndcg": 0.9597052988301175
    },
    "sent": {
        "hit_ratio": 0.44,
        "map": 0.6791412663395133,
        "ndcg": 0.8442195364432404
    }
}