{
    "clicked": {
        "hit_ratio": 0.53,
        "map": 0.5636712355900171,
        "ndcg": 0.8636162694252209
    },
    "sent": {
        "hit_ratio": 0.33,
        "map": 0.3611054276509892,
        "ndcg": 0.7506085804520104
    }
}