{
    "clicked": {
        "hit_ratio": 0.6625,
        "map": 0.7551617708161139,
        "ndcg": 0.9181841824920429
    },
    "sent": {
        "hit_ratio": 0.45,
        "map": 0.6005033870421352,
        "ndcg": 0.8139170598143154
    }
}