{
    "clicked": {
        "hit_ratio": 0.51,
        "map": 0.4761886654860487,
        "ndcg": 0.8047037519715654
    },
    "sent": {
        "hit_ratio": 0.33,
        "map": 0.33237184040420154,
        "ndcg": 0.721778227715946
    },
    "cost": 0.0497592
}