{
    "clicked": {
        "hit_ratio": 0.49,
        "map": 0.5271364777275404,
        "ndcg": 0.8148925021516408
    },
    "sent": {
        "hit_ratio": 0.32,
        "map": 0.29112717874849126,
        "ndcg": 0.642389370840281
    }
}