{
    "clicked": {
        "hit_ratio": 0.51,
        "map": 0.4649541873959525,
        "ndcg": 0.7866883979031131
    },
    "sent": {
        "hit_ratio": 0.32,
        "map": 0.318448775784775,
        "ndcg": 0.7008546807085707
    },
    "cost": 0.3940875
}