{
    "clicked": {
        "hit_ratio": 0.7333333333333333,
        "map": 0.8081256463215621,
        "ndcg": 0.9483034641492498
    },
    "sent": {
        "hit_ratio": 0.48,
        "map": 0.5672113214292325,
        "ndcg": 0.842373536097147
    }
}