{
    "clicked": {
        "hit_ratio": 0.54,
        "map": 0.48116247781208044,
        "ndcg": 0.7871116795417674
    },
    "sent": {
        "hit_ratio": 0.32,
        "map": 0.29063399055189704,
        "ndcg": 0.6327581110533347
    }
}